prompt_id,model,language,prompt,response,timestamp
A1,Gemini,中文,傣族是什么？,"傣族是中国的一个少数民族，主要分布在云南省西双版纳傣族自治州、德宏傣族景颇族自治州等地。他们有自己的语言文字、独特的文化艺术和生活习俗。

以下是一些关于傣族的关键信息：

*   **语言：** 傣族有自己的语言，属于壮侗语系。不同的方言区有不同的方言。傣族也有自己的文字，称为傣文，受到古代印度文字的影响。

*   **文化：** 傣族文化丰富多彩，包括：
    *   **佛教：** 上座部佛教（小乘佛教）是傣族的主要宗教。
    *   **建筑：** 傣族竹楼是其标志性建筑，适应当地湿热的气候。
    *   **舞蹈：** 傣族舞蹈以孔雀舞最为著名，象征吉祥和美丽。还有象脚鼓舞、慢轮舞等。
    *   **音乐：** 葫芦丝、象脚鼓等是傣族常用的乐器。
    *   **饮食：** 傣族菜以酸、辣、香、鲜为特点，常见的食物有糯米饭、烤鱼、竹筒饭、菠萝饭、酸笋等。

*   **节日：** 傣族有许多重要的节日，包括：
    *   **泼水节（又称浴佛节）：** 是傣族最盛大的节日，相当于汉族的春节，人们互相泼水以示祝福。
    *   **关门节和开门节：** 与佛教有关，关门节期间僧侣禁止外出，开门节表示可以开始正常活动。
    *   **赶摆：** 是傣族的一种集市活动，也是社交和娱乐的重要场所。

*   **社会：** 传统傣族社会等级观念较强，曾经存在领主制度。

总的来说，傣族是一个拥有悠久历史和独特文化的民族，对中国多元文化做出了重要的贡献。如果你有机会去云南，一定不要错过体验傣族文化的机会。
",2026-01-16T01:49:09.782102
A1,DeepSeek,中文,傣族是什么？,"傣族是中国的一个少数民族，主要分布在云南省的西双版纳傣族自治州、德宏傣族景颇族自治州等地，以及邻近的缅甸、老挝、泰国等东南亚国家。以下是关于傣族的详细介绍：

---

### **1. 历史与文化**
- **起源**：傣族属于百越族群的一支，历史悠久，与中国古代“滇越”“掸人”等有渊源。
- **语言文字**：使用傣语（属汉藏语系壮侗语族），历史上曾用傣仂文（西双版纳）、傣那文（德宏）等文字，部分地区现用拼音文字。
- **宗教信仰**：普遍信仰南传上座部佛教（小乘佛教），寺庙、佛塔是村寨中心，宗教活动丰富（如泼水节与佛教相关）。同时保留原始自然崇拜。

---

### **2. 特色节日**
- **泼水节（傣历新年）**：最盛大的节日，通常在公历4月中旬，人们以泼水祝福、赛龙舟、放高升、跳孔雀舞等方式庆祝。
- **关门节与开门节**：佛教节日，期间进行斋戒、诵经等活动。

---

### **3. 生活方式**
- **居住**：传统干栏式竹楼（高脚楼），适应湿热气候，上层住人，下层堆放杂物或饲养牲畜。
- **饮食**：以糯米为主食，喜酸辣口味，特色菜肴如香茅草烤鱼、菠萝饭、竹筒饭等。
- **服饰**：女性常穿色彩鲜艳的筒裙，男性着无领对襟上衣，节日佩戴银饰。

---

### **4. 艺术与传统**
- **舞蹈**：孔雀舞（模仿孔雀姿态）、象脚鼓舞等，动作柔美且富有韵律。
- **音乐**：使用象脚鼓、铓锣、葫芦丝等民族乐器。
- **手工艺**：擅长织锦（傣锦）、陶器、竹编和剪纸。

---

### **5. 社会与经济**
- **传统社会**：历史上存在封建领主制度（如西双版纳的“召片领”）。
- **现代发展**：以农业为主（水稻、橡胶、茶叶），旅游业（如西双版纳热带风情）成为重要经济来源。

---

### **6. 分布与人口**
- 中国境内傣族人口约 **126万**（2020年普查），主要集中在云南。
- 跨境民族：在泰国称“泰族”，缅甸称“掸族”，老挝称“佬族”，文化相似但各有特色。

---

### **7. 文化保护与挑战**
- 传统语言、文字、习俗在现代社会中面临传承压力。
- 中国政府通过设立自治州、非遗保护（如傣族泼水节、孔雀舞被列入国家级非遗）等方式支持文化延续。

---

### **延伸知识**
- 傣族与东南亚泰民族同源，语言文化相通，但中国傣族在长期历史中形成了独特的地方特色。
- 西双版纳和德宏是体验傣族文化的核心区域，其中景洪市（西双版纳首府）和芒市（德宏首府）是重要文化中心。

如需进一步了解傣族的宗教、节日细节或与其他民族的关系，可随时提问！ 🌴🎉",2026-01-16T01:49:38.478896
A1,Gemini,英文,What are the Dai people?,"The Dai people (also spelled Tai Lue, Tai Neua, Tai Ya, etc.) are an ethnic group primarily found in Southeast Asia, particularly in Southern China (Yunnan Province), Myanmar, Laos, Thailand, and Vietnam.  They are closely related to other Tai peoples, including the Thai and Lao.

Here's a breakdown of key aspects of the Dai:

*   **Language:** They speak various Dai languages, which belong to the Tai-Kadai language family. These languages are related, but can vary in intelligibility.

*   **Location:**
    *   **China (Yunnan):**  The Xishuangbanna Dai Autonomous Prefecture is the most prominent area, but they also reside in other parts of Yunnan, like Dehong. The majority of Dai reside in China.
    *   **Southeast Asia:**  Smaller populations are scattered throughout Myanmar, Laos, Thailand, and Vietnam.

*   **Culture:**
    *   **Religion:**  Historically, Theravada Buddhism has been a major influence on Dai culture, particularly in China and Thailand. However, elements of animism and local folk beliefs often intertwine with Buddhist practices.
    *   **Agriculture:**  They are traditionally rice farmers, and their lives are closely tied to the land and the seasons. Irrigated rice cultivation is a common practice.
    *   **Architecture:**  Dai architecture often features raised houses with steeply pitched roofs.
    *   **Festivals:** They have a rich tradition of festivals, many of which are tied to the agricultural cycle or Buddhist holidays. The Water Splashing Festival (Songkran/Pimai) is perhaps the most famous, celebrated during the traditional New Year.
    *   **Textiles:** Dai weaving is renowned, with intricate patterns and vibrant colors. Traditional clothing often features handwoven silk or cotton fabrics.
    *   **Dance and Music:** Traditional Dai music and dance are important parts of their cultural expression.

*   **Social Structure:**  Historically, Dai societies often had a hierarchical structure with local chieftains or rulers. While these structures have changed in modern times, traditional social organization still influences some aspects of community life.

*   **Identity:** The Dai are a diverse group, and the precise definition of who constitutes ""Dai"" can be complex, influenced by language, cultural practices, and historical context. The term can encompass various subgroups who identify with a shared cultural heritage.

In summary, the Dai are a diverse group of Tai-speaking people with a rich cultural heritage, primarily located in Southern China and Southeast Asia.  They are known for their agriculture, Buddhist traditions, weaving, festivals, and distinctive architecture.",2026-01-16T01:49:45.818203
A1,DeepSeek,英文,What are the Dai people?,"The **Dai people** are one of China's 56 officially recognized ethnic groups, primarily residing in **Yunnan Province** in southwestern China. They are part of the larger Tai ethnic family, which also includes groups in Thailand, Laos, Myanmar, and Vietnam.  

Here are some key characteristics of the Dai people:

### **1. Population and Distribution**
- In China, most Dai live in the **Xishuangbanna Dai Autonomous Prefecture** and **Dehong Dai and Jingpo Autonomous Prefecture** in Yunnan.
- They also have communities in neighboring countries, where they are known as **Thai, Lao, Shan**, etc., depending on the region.

### **2. Language and Script**
- The Dai language belongs to the **Tai-Kadai language family**.
- Historically, they used a script derived from ancient Indian scripts (similar to Thai or Lao writing), which varies between the Xishuangbanna and Dehong regions. Today, many also use Mandarin Chinese.

### **3. Culture and Religion**
- Most Dai people follow **Theravada Buddhism**, which deeply influences their festivals, architecture, and daily life.
- Important festivals include:
  - **Songkran (Water-Splashing Festival)**: Celebrates the Dai New Year (mid-April), featuring water splashing for blessings, dragon boat races, and temple ceremonies.
  - **Door-Closing and Door-Opening Festivals**: Mark the start and end of Buddhist Lent.
- Traditional Dai villages often feature **stilt houses** and Buddhist pagodas.

### **4. Livelihood**
- Traditionally, the Dai are **rice cultivators**, especially in the fertile lowlands of Yunnan.
- They are known for skilled **irrigation systems** and tropical crop farming (e.g., rubber, tea, fruit).

### **5. Historical Background**
- The Dai have a long history in southern Yunnan, with historical ties to ancient Tai kingdoms like **Sipsongpanna** (Xishuangbanna) and **Muang Ma**.
- They were incorporated into the Chinese imperial system during the Yuan and Ming dynasties but maintained local rulers (Tusi system) until the mid-20th century.

### **6. Modern Context**
- Today, Dai communities balance traditional customs with modern development. Tourism (especially in Xishuangbanna) has brought economic opportunities but also cultural changes.
- Dai cuisine—featuring sour, spicy, and grilled flavors (like lemongrass, bamboo rice, and fish)—is popular in Yunnan.

In summary, the Dai are a culturally distinct ethnic group with deep historical roots in Southeast Asia, known for their Buddhist traditions, agricultural expertise, and vibrant festivals.",2026-01-16T01:50:08.799893
A2,Gemini,中文,傣语和泰语是什么关系？,"傣语和泰语关系非常密切，它们都属于**壮侗语系-侗台语族-台语支**。

简单来说，泰语可以被看作是傣语的一种，或者说，**泰语是傣语方言群中最具影响力的一个方言**。

具体来说：

*   **语言谱系关系:** 它们都起源于古代的台语。随着历史发展和地域变迁，不同的台语方言逐渐演化，形成了今天的各种傣语和泰语。
*   **高度相似性:** 泰语和许多傣语方言在语音、词汇和语法上都有很高的相似度。在一定程度上，不同地区的傣语使用者和泰语使用者之间可以进行有限的交流。
*   **相互影响:** 由于泰国的政治和文化影响力，泰语对其他傣语方言产生了重要影响。许多傣语方言都吸收了泰语的词汇和表达方式。

因此，我们可以说：

*   **泰语是傣语的一个分支。**
*   **傣语是一个比泰语更广泛的概念，包含了许多不同的方言。**

总而言之，理解傣语和泰语之间的关系，可以将其视为一个“方言连续体”，其中泰语由于其政治和文化地位而成为其中最重要的一个方言。
",2026-01-16T01:50:13.711360
A2,DeepSeek,中文,傣语和泰语是什么关系？,"傣语和泰语是**同源异流**的亲属语言，均属于**汉藏语系·壮侗语族（也称侗台语族）·壮傣语支**。它们的关系可以概括为“同源分化，相互影响”，具体分析如下：

---

### **一、核心关系**
1. **共同起源**  
   傣语和泰语均源于古代百越族群的语言，历史上共享相似的语音、词汇和语法结构。两者的基本词汇（如数字、身体部位、自然现象）和语法（如**主谓宾语序**、量词系统、声调区分意义）高度相似。

2. **分化原因**  
   - **地理分隔**：傣语主要分布在中国云南（西双版纳傣语、德宏傣语等）、老挝、缅甸、越南等地；泰语是泰国官方语言。  
   - **历史政治**：泰族建立素可泰王国（13世纪）后，以中部泰语为基础形成现代标准泰语；中国境内的傣族则受汉文化影响，并保留了更古老的文字形式（如西双版纳老傣文）。  
   - **文字系统**：  
     - 泰语使用**泰文字母**（源自古高棉文）。  
     - 中国傣语使用**傣仂文（西双版纳）**、**傣那文（德宏）** 等，与泰文同源但字形差异较大。

---

### **二、相似性与差异性**
| **方面**       | **相似性**                                                                 | **差异性**                                                                 |
|----------------|---------------------------------------------------------------------------|----------------------------------------------------------------------------|
| **语音**       | 声调语言（泰语5调，傣语6-9调），辅音、元音系统高度对应。                    | 泰语有弹舌音/r/，傣语部分地区无；声调具体调值不同。                         |
| **词汇**       | 约60%-70%基础词汇同源（如：水/น้ำ nam，眼睛/ตา ta）。                       | 现代泰语吸收大量梵语、巴利语、英语借词；傣语受汉语、缅语等影响更多。         |
| **语法**       | 基本语序一致（SVO），修饰语后置（如“书我”→我的书）。                        | 泰语敬语系统更复杂；傣语量词用法与汉语更接近。                              |
| **文字**       | 均为拼音文字，书写规则类似（元音符号围绕辅音）。                            | 字形差异大（泰文曲线多，傣文方圆结合）， Unicode编码不同，互不通用。         |

---

### **三、互通程度**
- **口语**：西双版纳傣语与泰语北部方言（如清迈话）互通度较高（约50%-60%），但与标准泰语交流需适应。德宏傣语与泰语差异稍大。  
- **书面语**：因文字不同，需专门学习才能读写对方文字。

---

### **四、文化历史联系**
1. **民族认同**：泰国泰族与中国傣族同属**傣泰民族**，共享“泼水节”（宋干节）、南传佛教信仰等文化传统。  
2. **历史记载**：云南傣族与泰北兰纳王国（今清迈一带）历史上联系密切，13世纪泰族迁徙至中南半岛，与留守云南的傣族分化。

---

### **五、语言学定位**
- **学术分类**：  
  - **泰语**（Thai）：泰国官方语言，属**西南壮傣语支**。  
  - **傣语**（Dai）：中国少数民族语言，分**傣仂语（西双版纳）**、**傣那语（德宏）** 等，属**北部壮傣语支**。  
  两者如同**西班牙语和葡萄牙语**，或**普通话和粤语**的关系——同源但已发展为独立语言。

---

### **总结**
傣语和泰语是**同一语支下的姐妹语言**，如同“表亲”。若掌握其中一种，学习另一种会更容易，但因历史、文字和借词差异，它们已是**两种独立的语言**，而非方言关系。对语言学者或文化研究者而言，它们是理解傣泰民族迁徙和文化演变的重要窗口。",2026-01-16T01:50:51.602749
A2,Gemini,英文,What is the relationship between Dai language and Thai language?,"The relationship between Dai languages (including Tai Lü, Tai Nüa, and others) and Thai language is that they are closely related, belonging to the **Tai language family**. More specifically, they are part of the **Southwestern Tai branch** of this family.

Here's a breakdown of the relationship:

*   **Shared Ancestry:** Both Dai languages and Thai ultimately descend from a common proto-Tai language spoken thousands of years ago. As these proto-Tai speakers migrated and settled in different areas, their language gradually diverged, resulting in distinct languages and dialects.
*   **Close Relatives:** Within the Tai language family, Thai is most closely related to other Southwestern Tai languages like Lao, Shan, and the various Dai languages. This means they share many similarities in vocabulary, grammar, and phonology.
*   **Mutual Intelligibility:** While not entirely mutually intelligible (speakers of one language can't perfectly understand the other), there's a degree of mutual intelligibility, especially between Thai and some of the Dai languages, particularly those spoken in areas bordering Thailand. The level of understanding varies depending on the specific languages and the speakers' familiarity with each other's languages.
*   **Linguistic Similarities:** The similarities between Thai and Dai languages are apparent in:
    *   **Tonal Languages:** Both language groups are tonal, meaning that the meaning of a word can change depending on the tone in which it is spoken. They share a similar tone system structure, even if the exact tones used differ slightly.
    *   **Analytic Grammar:** They share similar grammatical structures that rely on word order and auxiliary words rather than inflections to express grammatical relationships.
    *   **Shared Vocabulary:** Many words are cognates (words with a common origin), often with only slight phonetic variations. This is especially true for basic vocabulary.
*   **Influence:** Historically, Thai has exerted considerable influence on the Dai languages due to Thailand's political and cultural dominance in the region. Loanwords from Thai are common in many Dai languages. Conversely, some features in Thai could be influenced by the Tai languages spoken in regions now encompassed by Thailand.

In short, the Dai languages and Thai are like cousins - they share a common ancestor and have many similarities, but they are distinct languages with their own unique characteristics. The close relationship means that speakers of one language can often understand some aspects of the other, and linguistic analysis reveals their shared history.",2026-01-16T01:50:58.788146
A2,DeepSeek,英文,What is the relationship between Dai language and Thai language?,"Excellent question! The relationship between the Dai language and the Thai language is close and fascinating—they are **sister languages** within the same linguistic family.

Here’s a detailed breakdown of their relationship:

### 1. Core Linguistic Relationship
*   **Same Language Family:** Both belong to the **Tai-Kadai** language family (also called Kra-Dai).
*   **Same Branch:** More specifically, they are part of the **Tai** branch of this family.
*   **Shared Ancestor:** They evolved from a common proto-Tai language spoken centuries ago, likely in what is now southern China. As Tai-speaking peoples migrated south and west, their language diversified into the various languages we see today.

### 2. What ""Dai Language"" Refers To
This is a crucial point. ""Dai"" is a Chinese term (傣 *Dǎi*) and does not refer to a single, unified language. It is an **umbrella term** used in China for several closely related Tai languages spoken primarily in **Yunnan Province**, most notably:
*   **Dai Lü** (西双版纳傣语): Spoken in Xishuangbanna. Its writing system is very similar to that of old Lao.
*   **Dai Nüa** (德宏傣语): Spoken in Dehong Prefecture. Its script is related to Burmese script.
*   **Tai Dam** (黑傣): Spoken by the ""Black Tai"" people.

**Therefore, when comparing ""Dai"" to Thai, we are usually comparing these Yunnanese Tai varieties (especially Dai Lü and Dai Nüa) with Standard Thai (of Thailand).**

### 3. Similarities: Mutual Intelligibility
*   **Grammar:** They are extremely similar. Both are **analytic/isolating languages** with no inflection for tense, gender, or case. Meaning is derived from word order and the use of particles. The basic **Subject-Verb-Object (SVO)** order is identical.
*   **Core Vocabulary:** A significant portion of basic vocabulary is cognate (shared due to common origin). Words for numbers, family members, body parts, and basic verbs are often very similar.
*   **Example:** The word for ""water"" is **nam** in both Thai (น้ำ) and Dai languages. The word for ""village"" is **ban** (บ้าน in Thai, similar in Dai).

A speaker of one language can often pick out words and grasp the general topic of a simple conversation in the other, but full, effortless mutual intelligibility is **not** typical. It's akin to the relationship between Spanish and Italian—clearly related and partially understandable, but distinct languages.

### 4. Key Differences
*   **Vocabulary:** Centuries of separate development and different cultural influences have introduced many differences. Thai has borrowed extensively from **Pali and Sanskrit** (via Buddhism and royal court language), and more recently from English. Dai languages have borrowed from **Chinese** (Mandarin) and neighboring languages like Burmese and Lao.
*   **Pronunciation & Tone Systems:** This is a major barrier to full intelligibility. Both are tonal languages, but their tone systems diverged.
    *   **Standard Thai** has **five tones** (mid, low, falling, high, rising).
    *   **Dai Lü** typically has **six tones**.
    *   **Dai Nüa** has a different set of tones.
    The same word with the same historical root may be pronounced with a different tone, making it hard to recognize.
*   **Writing Systems:** This is the most visible difference.
    *   **Thai** uses its own unique **abugida** script, derived from Old Khmer, which in turn came from Indian Brahmi scripts.
    *   **Dai languages** in China use **different scripts** that are also Brahmi-derived but came via different routes. The Dai Lü script looks similar to **Lao** script, while the Dai Nüa script is more angular, resembling **Burmese**.
*   **Political & Cultural Context:** Thai is the national language of a modern nation-state, with a standardized form used in media, education, and government. The Dai languages are regional minority languages in China, influenced by Chinese language policy and culture.

### 5. Relationship to Lao
It's important to note that **Dai Lü (of Xishuangbanna) is linguistically closer to Lao** (the language of Laos) than it is to Standard Thai. The Tai languages form a **dialect continuum** across the region. The border between ""language"" and ""dialect"" here is often political.

### Summary Analogy
Think of the Tai language branch as a family tree:
*   The **common ancestor** is Proto-Tai.
*   **Thai** and **Lao** are like close cousins.
*   The **Dai languages** (especially Dai Lü) are another set of cousins, who are very close to Lao. So, Thai and Dai are cousins, but not the *closest* cousins on the tree.

**In a nutshell: Dai and Thai are closely related sister languages with nearly identical grammar and shared core vocabulary, but differences in modern vocabulary, pronunciation (tones), writing systems, and historical influences make them mutually intelligible only to a limited extent.**",2026-01-16T01:51:41.745593
A3,Gemini,中文,傣族主要生活在哪里？,"傣族主要生活在中国云南省的西双版纳傣族自治州、德宏傣族景颇族自治州等地。此外，在耿马、孟连、新平等地也有分布。
",2026-01-16T01:51:44.762252
A3,DeepSeek,中文,傣族主要生活在哪里？,"傣族主要分布在中国云南省的**西双版纳傣族自治州**、**德宏傣族景颇族自治州**，以及**普洱市**、**临沧市**、**红河州**等地区。此外，在**泰国、老挝、缅甸、越南**等东南亚国家也有分布（在中国境外通常称为“泰族”或“佬族”）。

### 主要聚居区特点：
1. **西双版纳傣族自治州**  
   - 位于云南南部，以热带雨林气候为主，是傣族文化的核心区域之一。  
   - 著名的“泼水节”（傣历新年）在此尤为盛大，景洪市是主要城市。

2. **德宏傣族景颇族自治州**  
   - 位于云南西部，与缅甸接壤，傣族人口集中，文化受缅甸傣族影响较深。  
   - 瑞丽、芒市等地是重要聚居地。

3. **其他云南地区**  
   - 普洱市（原思茅地区）、临沧市、红河州等地也有傣族村落，部分与哈尼族、彝族等民族杂居。

### 境外分布：
- **泰国**：泰族是主体民族，文化与云南傣族同源。  
- **老挝**：佬族与傣族语言文化相近。  
- **缅甸**：掸邦主要聚居掸族（傣族分支）。  
- **越南**：西北部有泰族社群。

### 地理与文化背景：
- 傣族多居住在**河谷平坝地区**（如澜沧江、怒江、红河流域），以水稻种植为主，形成独特的“稻作文化”。  
- 传统民居为**干栏式竹楼**，信仰南传上座部佛教（小乘佛教），寺庙和佛塔是村寨中心。

傣族的分布体现了跨区域民族文化的连续性，在中国与东南亚之间形成了重要的文化纽带。",2026-01-16T01:52:02.460198
A3,Gemini,英文,Where do Dai people primarily live?,"The Dai people primarily live in **Southern China, specifically in the Yunnan province.** They are also found in neighboring countries such as:

*   **Laos**
*   **Vietnam**
*   **Thailand**
*   **Myanmar**",2026-01-16T01:52:05.578386
A3,DeepSeek,英文,Where do Dai people primarily live?,"The Dai people primarily live in **China**, with their main concentration in **Yunnan Province**, specifically in the **Xishuangbanna Dai Autonomous Prefecture**, the **Dehong Dai and Jingpo Autonomous Prefecture**, and parts of **Lincang** and **Pu'er** cities.  

Additionally, significant Dai communities exist in neighboring countries, including:
- **Northern Thailand** (where they are known as the Tai Lue or Northern Thai people)
- **Laos** (especially in the north)
- **Myanmar** (Shan State)
- **Vietnam** (northwestern regions)

In China, the Dai are one of the 56 officially recognized ethnic groups and are known for their rich cultural traditions, Theravada Buddhist practices, and festivals such as the **Water-Splashing Festival (Songkran)**.",2026-01-16T01:52:15.044837
B1,Gemini,中文,西双版纳傣族和泰国清迈的兰纳人是什么关系？,"西双版纳傣族和泰国清迈的兰纳人有着非常密切的历史和文化关系。简单来说，他们是 **同源异流** 的关系。

**以下是更详细的解释：**

*   **同源：** 兰纳（Lanna）王国 (13世纪-18世纪) 由勐莱王建立，而勐莱王是一位傣族王子。他的家族和许多跟随他的人来自西双版纳地区。所以兰纳王国和西双版纳的傣族有着共同的祖先。他们都属于傣泰民族，共享相似的语言、文化、宗教（主要是上座部佛教）、习俗和传统。
*   **异流：** 尽管有着共同的起源，但随着时间的推移，兰纳王国在地理位置、政治发展和文化影响方面逐渐独立发展。兰纳王国受到了来自缅甸（特别是掸族）和泰国（暹罗）的影响，逐渐形成了独特的文化，例如兰纳文字、艺术风格和建筑风格。而西双版纳的傣族则主要受到了来自中国的影响。

**因此，我们可以总结如下：**

*   **语言：** 兰纳语和傣仂语（西双版纳傣族使用的语言）都属于泰语语系，彼此相关，可以互通一些。
*   **文化：** 两者都有相似的传统节日，例如泼水节（Songkran）。虽然庆祝方式和细节有所不同，但其核心都是用水来清洗厄运，迎接新年。
*   **宗教：** 两者都信奉上座部佛教，寺庙建筑和宗教习俗有相似之处。
*   **历史：** 兰纳王国和西双版纳地区在历史上存在贸易和文化交流，但也有过冲突和战争。

**总而言之，** 虽然兰纳人和西双版纳傣族有着共同的根源，但由于地理位置和历史发展的影响，他们各自形成了独特的文化和生活方式。他们之间的关系可以被视为“兄弟民族”或“近亲”，既有相似之处，也有各自的特色。

希望这个解释能帮到你！
",2026-01-16T01:52:21.749956
B1,DeepSeek,中文,西双版纳傣族和泰国清迈的兰纳人是什么关系？,"西双版纳傣族和泰国清迈的兰纳人有着密切的历史、文化和族源联系，主要体现在以下几个方面：

---

### **1. 共同的族源与历史背景**
- **同属“傣-泰民族”**：两者均属于广义的“傣-泰民族”（Tai peoples），历史上发源于中国西南地区（如云南、广西），后逐渐向南迁徙。
- **兰纳王国的影响**：13世纪至18世纪，以清迈为中心的**兰纳王国**（Lanna，意为“百万稻田之地”）曾统治泰国北部、缅甸掸邦、老挝北部以及中国西双版纳部分地区。西双版纳傣族（自称“傣泐”）与兰纳人在语言、文字、宗教上长期互动。
- **历史上的政治联系**：西双版纳的傣族土司曾与兰纳王国通婚或结盟，两地贵族往来频繁。19世纪后，西双版纳受中国中央政权管辖，而兰纳被暹罗（今泰国）吞并，政治路径分化。

---

### **2. 语言与文字的相似性**
- **语言接近**：西双版纳傣语（傣泐语）与泰国北部的兰纳方言（Kam Mueang）同属**傣语北部方言群**，互通度较高。
- **文字同源**：西双版纳使用的**老傣文**（经书文字）与兰纳地区的**兰纳文**（Tua Tham）同源，均源于古孟文，用于佛教经典和传统书写。现代西双版纳傣文（新中国改革后）与兰纳文有差异，但古籍仍可部分互通。

---

### **3. 宗教与文化习俗**
- **南传上座部佛教**：两地均以佛教为核心社会文化，寺庙建筑（如缅寺/兰纳风格佛寺）、节日（泼水节、关门节等）、僧侣制度高度相似。
- **民俗传统**：传统服饰（如筒裙、银饰）、舞蹈（如孔雀舞）、音乐（象脚鼓、傣笛）及农耕仪式（如稻作文化）有许多共同点。
- **泼水节（新年）**：西双版纳的“泼水节”（傣历新年）与清迈的“宋干节”本质相同，均包含浴佛、堆沙、祈福等仪式。

---

### **4. 现代联系与差异**
- **国界分隔后的发展**：19世纪末至20世纪初，英法殖民势力与中泰边界划定使两地分属不同国家，文化受本国主流影响（如西双版纳受汉族文化影响，清迈受泰中文化影响）。
- **当代交流**：近年来，通过跨境旅游、佛教交流、学术研究等，两地重新加强文化联系。西双版纳的傣族游客常前往清迈寻根，清迈人也对西双版纳的傣文化有浓厚兴趣。

---

### **总结**
西双版纳傣族与清迈兰纳人本质上是**同源民族的不同分支**，共享傣-泰民族的古老文化根基。尽管近代因国家边界和政治环境差异发展出部分特色，但语言、宗教、节庆等核心文化仍高度相似，可视作“跨境的同胞”。这种联系也体现了中国西南与东南亚北部历史上密切的文化网络。",2026-01-16T01:52:50.849793
B1,Gemini,英文,What is the relationship between the Dai of Xishuangbanna and the Lanna people of Chiang Mai?,"The Dai of Xishuangbanna (in Yunnan Province, China) and the Lanna people of Chiang Mai (in Northern Thailand) are closely related, sharing a common ancestor and a significant amount of cultural, linguistic, and historical overlap. Here's a breakdown of the relationship:

*   **Shared Tai Ancestry:** Both groups are part of the larger Tai ethno-linguistic family, which originated somewhere in southern China (likely around Guangxi or Guizhou). Over centuries, different Tai groups migrated south, giving rise to various Tai subgroups including the Dai and the Lanna.

*   **Linguistic Similarity:** The Dai language (also known as Tai Lü) and the Lanna language (also known as Northern Thai or Kham Mueang) are mutually intelligible to a considerable extent. They share a common linguistic ancestor, though centuries of separation and contact with other languages have led to some divergence.

*   **Cultural Similarities:** Many aspects of culture are shared, including:
    *   **Buddhism:** Both predominantly practice Theravada Buddhism.
    *   **Traditions and Customs:** Similarities exist in festivals, ceremonies, traditional clothing, architecture, and agricultural practices (particularly rice cultivation).
    *   **Art and Music:** Shared aesthetic styles in traditional art, music, and dance.
    *   **Social Structures:** Some similarities in traditional social hierarchies and kinship systems.

*   **Historical Connections:** Historically, there were strong ties between Xishuangbanna and the Lanna Kingdom (which centered on Chiang Mai). The Lanna Kingdom expanded its influence northwards, and there was trade, cultural exchange, and at times, political alliances or conflicts between Lanna and the Dai principalities in Xishuangbanna.

*   **Geographic Proximity:** The geographical proximity of Xishuangbanna in southern Yunnan and Chiang Mai in northern Thailand facilitated interactions and exchanges throughout history.

In essence, the Dai of Xishuangbanna and the Lanna people of Chiang Mai are like close cousins within the broader Tai family. They share a common ancestry, language, culture, and historical connections, resulting in significant similarities despite being separated by modern national borders. They represent two branches of the same Tai cultural and linguistic tree that developed in slightly different directions due to geographical separation and interaction with different neighboring cultures.",2026-01-16T01:52:56.520699
B1,DeepSeek,英文,What is the relationship between the Dai of Xishuangbanna and the Lanna people of Chiang Mai?,"Excellent question. The relationship between the Dai people of Xishuangbanna (in China's Yunnan province) and the Lanna people of Chiang Mai (in northern Thailand) is one of **shared ethnic, linguistic, and cultural origins, now separated by modern national borders and several centuries of divergent political history.**

Here’s a breakdown of their relationship:

### 1. Common Ethnic and Linguistic Roots
*   **Same Tai Family:** Both groups belong to the broader **Tai ethnic family**, which stretches from Assam in India through Myanmar, Laos, Thailand, and into southwest China.
*   **Language:** They speak closely related languages. The Dai in Xishuangbanna speak **Dai Lue** (or Tai Lue). The people of the historical Lanna Kingdom (including Chiang Mai) speak **Kham Mueang** (Northern Thai, or Tai Yuan). While there are differences, these languages are mutually intelligible to a significant degree, much like regional dialects.
*   **Shared Script:** Historically, both groups used similar **Tai scripts** derived from ancient Indian scripts. The Dai Lue script of Xishuangbanna and the Lanna script (Tham script) of northern Thailand are siblings, both used to record Buddhist scriptures and literature.

### 2. Historical Connections: The Tai Kingdoms
*   **Migration and State Formation:** The ancestors of both groups migrated southward from what is now southern China over centuries. They established a network of small principalities (*Mueang*) and larger kingdoms.
*   **Lanna Kingdom:** The Kingdom of Lanna, with its capital at Chiang Mai, was founded in 1296. At its height, it was a major center of Theravada Buddhism and Tai culture.
*   **Sipsongpanna (Xishuangbanna):** Simultaneously, the Tai Lue established the kingdom of **Sipsongpanna** (which is the Tai Lue name for Xishuangbanna). While sometimes paying tribute to larger neighbors (like China or Burma), it functioned as a distinct Tai Lue polity.
*   **Cultural and Religious Exchange:** These kingdoms were part of a **""Tai cultural sphere""** linked by trade routes, shared Theravada Buddhist traditions, and intermarriage among nobility. Monks and scholars traveled between Chiang Mai and Sipsongpanna, exchanging texts and knowledge.

### 3. The Great Divergence: National Borders
The key event that separated their destinies was the drawing of **modern national borders** in the late 19th and early 20th centuries.
*   **Lanna/Chiang Mai** was gradually integrated into the emerging **nation-state of Siam (Thailand)** through administrative reforms, especially under King Chulalongkorn (Rama V). The people became ""Northern Thais"" within the Kingdom of Thailand.
*   **Sipsongpanna (Xishuangbanna)** was formally incorporated into the **Chinese state** during the Qing dynasty, with borders solidified in the 1890s. The Tai Lue became one of China's 56 officially recognized ethnic minorities, the **Dai**.

### 4. Present-Day Relationship: Kinship with Differences
Today, the relationship is one of **recognized kinship with distinct national identities.**
*   **In China:** The Dai are a celebrated minority within China. Their culture (water-splashing festival, Dai-style Buddhist temples, dance) is a major part of Xishuangbanna's tourism identity. They are Chinese citizens.
*   **In Thailand:** The Lanna/Northern Thai people are an integral part of the Thai nation, with a strong regional identity. They are Thai citizens.
*   **Cross-Border Ties:** There is still a sense of ethnic and cultural kinship. Families may have relatives across the border. There is cultural and religious tourism between Chiang Mai and Xishuangbanna, especially during festivals. Scholars and artists sometimes collaborate.
*   **Divergent Development:** Over the past century, they have been influenced by different national projects:
    *   The **Dai** have been influenced by Chinese language, education, and governance.
    *   The **Lanna** have been influenced by Central Thai (Siamese) language, culture, and the standardized Thai national identity.

### Analogy
Think of them as **cousins.** They come from the same grandparents (ancient Tai culture), grew up in the same neighborhood (the Southeast Asian massif), but as adults moved into different households (modern nation-states—China and Thailand). They share a family resemblance, language, and memories, but now have different last names, passports, and some aspects of their daily lives have diverged due to their different environments.

**In summary: The Dai of Xishuangbanna and the Lanna of Chiang Mai are ethnoculturally sibling groups, descendants of the same Tai civilization. Their separation is primarily a result of the political division of their homeland into the modern nations of China and Thailand.**",2026-01-16T01:53:37.794930
B2,Gemini,中文,傣文和兰纳文有关系吗？,"是的，傣文和兰纳文关系密切，可以认为是**亲属关系**。

以下是它们之间关系的更详细解释：

*   **兰纳文是傣文的一种变体。** 兰纳文（泰语：อักษรธรรมล้านนา; Aksorn Tham Lanna，也称“昙摩文”），是古代兰纳王国（位于泰国北部，覆盖部分老挝、缅甸和云南）使用的文字。它来源于古老的傣文系统，并经过兰纳地区本土化发展而成。

*   **它们有共同的祖先。** 两者都源于古印度婆罗米文字（Brahmi script）体系。通过不同的传播路线，在东南亚地区演变出不同的变体。傣文是这个演变过程中的一个分支，而兰纳文又在傣文的基础上进一步发展。

*   **它们在字形和发音上有相似之处。** 尽管经过各自的发展，傣文和兰纳文在字母的形状、发音和书写规则上仍然存在许多相似之处，使得熟悉其中一种文字的人比较容易学习另一种文字。

*   **它们在宗教和文化上有联系。** 兰纳文主要用于书写佛教经典、历史文献和文学作品。傣文在傣族社会也扮演类似的角色。由于兰纳王国与傣族地区在历史上有着密切的文化交流，这两种文字都与佛教信仰和文化传统紧密相连。

简单来说，你可以把兰纳文看作是傣文的一个方言版本，或者是一种更古老的傣文形式。因此，说它们之间有密切关系，甚至是一种文字的不同变体，都是合理的。
",2026-01-16T01:53:43.869191
B2,DeepSeek,中文,傣文和兰纳文有关系吗？,"是的，**傣文和兰纳文有非常密切的关系**。简单来说，**兰纳文是傣文的一种，更准确地说，是泰语族文字在历史上一个重要的区域性变体。**

我们可以从以下几个层面来理解它们的关系：

### 1. 同源关系：共同的祖先
*   **共同源头**：傣文和兰纳文都源自古老的**孟-高棉文字体系**。大约在13-14世纪，随着小乘佛教的传播，东南亚的泰语族民族（包括今天的泰族、老族、傣族、掸族等）借鉴了古高棉文的书写系统，来记录自己的语言。
*   **共同祖先文字**：这个借鉴后形成的早期文字，可以看作是现代所有泰语族文字的“原型”或“共同祖先”。这个祖先文字在历史上被称为**“经书文”** ，因为它主要用于书写佛教经典。

### 2. 分化与发展：区域性变体
随着泰语族各支系建立不同的王国，并在不同的地理和政治环境下发展，这套共同的文字系统逐渐分化，形成了各具特色的区域性文字：
*   **兰纳文**：在泰国北部的**兰纳王国**（中心在清迈）使用，用于书写当地的**兰纳语**（或称北部泰语）。它在字形上圆润优美，有自己独特的风格。
*   **傣泐文**：在中国云南西双版纳、老挝北部、泰国清莱部分地区使用的**傣泐文**，与兰纳文**极为相似，几乎是同一套文字系统的两个高度近似的变体**。西双版纳的傣文（傣泐文）和兰纳文可以互相辨识大部分字母。
*   **其他傣文**：云南德宏地区的**傣哪文**、缅甸掸邦的**掸文**、以及老挝的**老挝文**，都是这个文字家族中的“兄弟姐妹”，它们同源但字形差异逐渐变大。

### 3. 核心关系：傣泐文 ≈ 兰纳文
对于你的问题，最关键的一点是：
*   在中国语境下常说的“**傣文**”，主要指**西双版纳的傣泐文**和**德宏的傣哪文**。
*   **西双版纳傣泐文与泰国兰纳文，在历史上是同一套文字**。它们就像同一个母亲生的双胞胎，由于近代国界划分和政治发展，在不同国家被赋予了不同的名称和细微的标准调整。
*   因此，**兰纳文可以看作是傣泐文在泰国境内的名称和变体**。一个懂西双版纳老傣文的人，可以基本读懂古籍上的兰纳文。

### 4. 现代现状
*   **兰纳文**：在泰国，随着国家标准化教育推行泰文，兰纳文在日常生活中已不常用，主要存在于寺庙的佛经、古籍、历史文献以及一些文化标识、纹身中。作为一种传统文化被保护和复兴。
*   **傣文（傣泐文）**：在中国西双版纳，经过改进和规范化，形成了现代**西双版纳新傣文**（仍保留老傣文的核心特征），是法定的少数民族文字，用于教育、出版、新闻等领域。**老傣文**则主要用于宗教和传统文化研究。

### 总结
**傣文（特指西双版纳傣泐文）和兰纳文的关系，不是“有关系”，而是“本质上曾是同一种文字”**。它们是泰语族文字这棵大树上，生长在相邻枝桠上的两朵非常相似的花。它们拥有共同的祖先（古高棉文-经书文），在历史上因兰纳王国和西双版纳地区的紧密文化宗教交流而共同发展，后来因现代民族国家的建立而分属两国，名称和标准化路径略有不同，但核心的文字体系、字母和拼写逻辑高度一致。",2026-01-16T01:54:18.638670
B2,Gemini,英文,Is there a relationship between Dai script and Lanna script?,"Yes, there is a definite and close relationship between Dai scripts and Lanna script. Here's a breakdown of their connection:

*   **Shared Ancestry:** Both Dai scripts (like Tai Lue, Tai Nüa, Tai Hongjin) and Lanna script descend from the Old Mon script, which spread throughout Southeast Asia along with Theravada Buddhism. This shared origin means they have a common ancestor and share many fundamental features.

*   **Similar Letter Forms:** You'll notice that many letters and vowel signs in Dai scripts and Lanna script are visually similar or even identical. This is a direct result of their common origin and historical development.

*   **Parallel Evolution:** While they share a common ancestor, the different groups using these scripts diverged geographically and linguistically. This led to independent development and variations in orthography (spelling), pronunciation, and script styles. However, the core structure and many individual characters remained recognizable.

*   **Mutual Intelligibility (To a Degree):** Someone familiar with one Dai script, or Lanna script, can often decipher elements of the other, especially if they have some understanding of the related languages. It's not perfect mutual intelligibility, but the shared elements make it easier to learn the other script.

*   **Contact and Influence:** Throughout history, there has been contact between the people speaking Dai languages and those speaking Northern Thai (Lanna). This contact may have led to some mutual influence and borrowing between the scripts.

In summary, Dai scripts and Lanna script are related scripts that share a common ancestor in Old Mon script. They have evolved separately, but retain many similarities in letter forms and structure, making them recognizably related.
",2026-01-16T01:54:30.173828
B2,DeepSeek,英文,Is there a relationship between Dai script and Lanna script?,"Excellent question. The relationship between the Dai script and the Lanna script is one of **shared ancestry and parallel evolution**, making them ""cousins"" within the same script family, rather than one being a direct descendant of the other.

Here’s a detailed breakdown of their relationship:

### 1. Common Origin: The Brahmic Script Family
Both scripts descend from the ancient **Brahmi script** of India. They belong to the **South Indic branch** of the Brahmic family, which also includes scripts like Mon, Burmese, and Khmer.

The critical historical link is the **Old Mon script**. Around the 6th-8th centuries CE, the Mon people of Dvaravati (present-day Thailand) adapted the Pallava script (from South India). This Mon script then became the primary model for writing systems across mainland Southeast Asia.

### 2. The Evolutionary Path
From this common Mon source, the scripts evolved along different political and cultural lines:

*   **Lanna Script (ᨣᩤᩴᨾᩮᩬᩥᨦ, *Tua Mueang*):** Emerged in the **Lan Na Kingdom** (centered in Chiang Mai, 13th-18th centuries). It was used to write the **Northern Thai (Kham Mueang)** language and, crucially, the religious language of **Pali** for Theravada Buddhist scriptures. Its form is angular and geometric.

*   **Dai Scripts (西双版纳傣文, 德宏傣文):** Evolved in the **Sip Song Panna (Xishuangbanna)** and **Dehong** regions (present-day Yunnan, China). These were used to write the various **Tai Lü** and **Tai Nüa** languages. Like Lanna, they were also heavily influenced by Theravada Buddhism and used for Pali. Their forms are more rounded and cursive.

**Crucially, they developed in parallel from the same root, not one from the other.** Think of them as siblings who grew up in different houses (Lan Na vs. Sip Song Panna/Dehong).

### 3. Key Similarities (Evidence of Common Ancestry)
*   **Brahmic Structure:** Both are abugidas, where each consonant letter carries an inherent vowel sound (usually ""-a""), which is changed with diacritic marks.
*   **Shared Consonant Classes:** Both retain the old Indic system of classifying consonants into high, mid, and low classes, which determines the tone of a syllable—a defining feature of Tai languages.
*   **Religious and Literary Function:** Both were developed and standardized primarily through Buddhist monastic education for recording religious texts, law, and literature.
*   **Visual Resemblance:** To an untrained eye, they share a similar ""look"" with circular shapes and intricate diacritics, distinct from the linear Thai or Lao scripts.

### 4. Key Differences (Evidence of Separate Evolution)
*   **Shape and Aesthetics:** Lanna script is more **angular and geometric**. The Dai scripts (especially Xishuangbanna Dai) are notably **more rounded and curvilinear**.
*   **Specific Letters and Diacritics:** While the core system is the same, the specific glyphs for certain sounds and the marks for tones or vowels differ significantly.
*   **Modern Status:**
    *   **Lanna Script:** Largely **obsolete** for daily use. It was replaced by standard Thai in the early 20th century. Today, it is a historical script studied by scholars, used in temple inscriptions, and revived for cultural signage.
    *   **Dai Scripts:** **Still in active use** in China. The Chinese government standardized two forms in the 1950s: **Xishuangbanna New Dai Script** and **Dehong Dai Script**. They are taught in schools, used in newspapers, local government, and publishing.

### 5. Relationship to Other Scripts
*   **Thai Script:** King Ramkhamhaeng's Sukhothai script (the ancestor of modern Thai) is another ""cousin"" that also descended from the Old Mon source. Thai and Lanna are more directly related to each other than either is to the Dai scripts.
*   **Lao Script:** Lao is closely related to Thai and, more distantly, to Lanna. The rounded Lao script has some visual similarity to the rounded Dai scripts, but this is convergent evolution, not direct descent.

### Summary and Analogy
**Think of the Brahmic script family as a tree.**

*   **The Trunk:** Ancient Brahmi script.
*   **A Major Branch:** The Old Mon script.
*   **Two Smaller Branches growing side-by-side:**
    *   **Branch A:** Lanna Script (in the Lan Na Kingdom).
    *   **Branch B:** Dai Scripts (in the Tai regions of Yunnan).

They share the same trunk and a major branch, but they are distinct branches that grew independently. They are **sister scripts with a common ancestor**, not a parent-child relationship.

**In short: Yes, there is a very close historical and structural relationship. They are genetic siblings within the Brahmic script family, having evolved separately but in parallel from the same Old Mon source to serve the needs of different Tai-speaking, Buddhist kingdoms.**",2026-01-16T01:55:14.216555
B3,Gemini,中文,傣族泼水节和泰国宋干节是同一个节日吗？,"是的，傣族泼水节和泰国宋干节基本上是同一个节日，都源于古代印度婆罗门教的习俗，庆祝新年。

*   **傣族泼水节 (Water Splashing Festival):** 主要在中国云南省西双版纳傣族自治州等地庆祝，是傣族的新年。
*   **泰国宋干节 (Songkran Festival):** 在泰国全国庆祝，也是泰国的新年。

**相似之处:**

*   **时间:** 通常都在每年的4月13日至15日左右。
*   **核心活动:** 泼水是主要的庆祝方式，象征洗去过去一年的厄运，迎接新年。
*   **其他活动:** 除了泼水，还有浴佛、拜访长辈、堆沙塔、放生等活动。
*   **文化渊源:** 两者都受到印度文化的影响，都将水视为纯洁和吉祥的象征。

**不同之处:**

*   **名称:** 不同的名称反映了不同的语言和文化背景。
*   **庆祝方式的细微差别:** 虽然都泼水，但在具体的仪式、音乐、舞蹈等方面会存在一些差异，反映了当地的文化特色。
*   **规模和影响力:** 泰国的宋干节在全球范围内更为知名，吸引了大量的游客。

总而言之，傣族泼水节和泰国宋干节是同一个节日的不同表现形式，具有相似的文化根源和庆祝方式。它们都是重要的亚洲传统节日，体现了人们对新年的美好期盼。
",2026-01-16T01:55:19.736210
B3,DeepSeek,中文,傣族泼水节和泰国宋干节是同一个节日吗？,"是的，**傣族泼水节和泰国宋干节本质上是同一个传统节日**，它们都源于古代印度婆罗门教的“新年祈福仪式”，后随佛教传播至东南亚和中国西南地区，成为重要的文化庆典。以下是两者的具体联系与区别：

---

### **共同点**
1. **文化根源**  
   均源自印度梵语中的 **“Sankranti”**（意为“跨越”），与太阳进入黄道十二宫的白羊座相关，象征辞旧迎新。节日核心融合了佛教的**浴佛仪式**（清洗佛像、祈求平安）和民间的**祈福净秽**观念。

2. **核心习俗**  
   - **泼水仪式**：以清水互相泼洒，寓意洗去厄运、迎接吉祥。  
   - **宗教活动**：到寺庙浴佛、堆沙塔、诵经祈福。  
   - **社会意义**：强调家庭团聚、尊老爱幼（如晚辈向长辈行滴水礼）。  
   - **时间相近**：通常在每年公历**4月13日至16日**之间举行。

---

### **主要区别**
| **方面**         | **傣族泼水节（中国）**                          | **泰国宋干节（Songkran）**                  |
|------------------|-----------------------------------------------|-------------------------------------------|
| **地域与文化**   | 中国云南西双版纳、德宏等地的傣族、布朗族等民族节日，受多元民族文化影响。 | 泰国全国性节日，被视为“泰国新年”，具有更广泛的国际知名度。 |
| **庆祝形式**     | 更注重傣族传统歌舞（如孔雀舞）、赛龙舟、放高升（自制竹火箭）。 | 规模盛大，常结合现代元素（如音乐派对、泡沫派对），旅游化程度高。 |
| **宗教色彩**     | 保留较多南传上座部佛教仪式，同时融入本土自然崇拜。 | 佛教仪式完整，且与王室传统（如曼谷的皇家浴佛仪式）结合紧密。 |
| **社会功能**     | 强化民族认同，是傣历新年标志。                 | 兼具新年假期属性，促进旅游业与经济活动。       |

---

### **文化意义**
- **傣族泼水节**：在中国被列为国家级非物质文化遗产，是傣族文化传承的重要载体。  
- **泰国宋干节**：作为泰国国家形象符号之一，吸引了大量国际游客，2019年联合国教科文组织将其列入《人类非物质文化遗产代表作名录》。

---

### **总结**
两者是**同源异流**的节日，共享核心的宗教内涵与泼水习俗，但因地域、民族和现代发展路径不同，在具体表现形式和社会功能上各有特色。可以说，**宋干节是泰国版本的泼水节**，而傣族泼水节则是这一传统在中国本土化的生动体现。",2026-01-16T01:55:45.882490
B3,Gemini,英文,Are the Dai Water Splashing Festival and Thai Songkran the same festival?,"Yes, the Dai Water Splashing Festival (also known as Pao) and the Thai Songkran festival are essentially the same festival. They are both part of the broader Theravada Buddhist New Year celebrations observed in several Southeast Asian countries.

Here's why they are considered the same:

*   **Origin:** Both festivals originate from the same ancient spring festival rooted in astrological traditions.
*   **Timing:** They are celebrated around the same time, typically in mid-April, marking the traditional solar new year.
*   **Key Activities:** The central ritual in both festivals is the ceremonial pouring or splashing of water, symbolizing cleansing, purification, and washing away bad luck to welcome the new year. Other common activities include religious ceremonies, parades, traditional performances, and feasting.
*   **Cultural Significance:** Both festivals are deeply rooted in Theravada Buddhism and hold immense cultural significance in their respective communities.

However, there can be some regional variations in the specific traditions and customs associated with the festivals. For example, in Thailand, Songkran is known for its exuberant water fights and street parties, while the Dai Water Splashing Festival in Yunnan, China, might emphasize traditional dances and cultural performances. The style of dress and details of the celebrations differ slightly too.

Despite these minor differences, the core purpose and spirit of the festivals remain the same.
",2026-01-16T01:55:50.343026
B3,DeepSeek,英文,Are the Dai Water Splashing Festival and Thai Songkran the same festival?,"The Dai Water Splashing Festival (of China's Dai ethnic group) and the Thai Songkran Festival share common origins and core cultural elements—both are traditional New Year celebrations centered around water-splashing rituals, symbolizing cleansing, blessing, and renewal.  

However, they are not exactly the same festival, as they have evolved distinct regional characteristics:  

1. **Geographical and ethnic context**:  
   - The Dai Water Splashing Festival is primarily celebrated by the Dai ethnic group in Yunnan Province, China (e.g., Xishuangbanna and Dehong).  
   - Songkran is the national New Year festival of Thailand, observed by Thai people and also in neighboring countries like Laos, Cambodia, and Myanmar (where it may have different names).  

2. **Cultural and ritual variations**:  
   - Both involve water splashing, but local customs differ. The Dai festival includes dragon boat races, launching fireworks, and floating river lanterns, alongside Buddhist temple ceremonies.  
   - In Thailand, Songkran often features public water fights, sand pagoda building, pouring scented water on Buddha statues, and family gatherings.  

3. **Timing**:  
   - Both generally occur in mid-April (Dai festival usually from April 13–15, aligning with the Thai Songkran dates), following the traditional solar calendar.  

In essence, they stem from the same cultural and religious roots (Theravada Buddhist tradition and ancient Hindu influences) but have developed unique expressions within their respective national and ethnic contexts.",2026-01-16T01:56:05.829464
C1,Gemini,中文,一个人的父母是西双版纳傣族，他在泰国清迈长大，他是什么民族？,"根据中国大陆的民族划分标准，这个人的民族应该是**傣族**。

以下是解释：

*   **民族认同的复杂性：** 民族认同是一个复杂的问题，涉及到血统、文化、语言、自我认同和社会认同等多方面因素。
*   **中国大陆的标准：** 在中国大陆，民族身份主要依据父母的民族来确定。如果父母双方都是傣族，那么孩子通常会被认定为傣族。
*   **生活环境的影响：** 虽然在泰国清迈长大，会受到泰国文化的影响，但这并不改变他的血统和根据中国大陆标准的民族认定。
*   **个人选择：** 当然，如果这个人成年后选择加入泰国国籍，并且在泰国社会中主要以泰国人的身份生活，那么他的自我认同可能会发生变化。但是，从血统和中国大陆的民族划分标准来看，他仍然是傣族。

**需要注意的是：**

*   不同国家和地区对于民族认同的认定标准可能不同。
*   一个人的自我认同可能与外部认定的民族身份存在差异。

总而言之，虽然在泰国清迈长大，但根据父母的民族，这个人最有可能被认定为**傣族**。
",2026-01-16T01:56:10.943543
C1,DeepSeek,中文,一个人的父母是西双版纳傣族，他在泰国清迈长大，他是什么民族？,"根据你描述的情况，这个人的**民族身份在法律和文化上可能存在不同的认定方式**，可以从以下几个层面来理解：

---

### **1. 法律与户籍意义上的民族**
- **中国国籍与民族登记**：  
  如果这个人出生时随父母在中国（尤其是西双版纳）登记户口，且父母是**中国籍的傣族**，那么他的民族成分通常会被登记为**傣族**（中国56个民族之一）。中国的民族身份一般随父母，不因海外成长经历而改变。
  
- **泰国国籍与身份**：  
  如果他在泰国清迈长大并取得泰国国籍，泰国的官方身份系统**不标注“民族”**，而是以国籍和语言文化背景为主。在泰国，他可能被社会视为**泰族（ไทย）**，因为泰国主体民族泰族与中国的傣族同源，语言文化相近。

---

### **2. 文化认同与自我认知**
- **跨境民族背景**：  
  中国西双版纳的傣族与泰国北部的泰族（尤其是清迈的“兰纳泰人”）有共同的历史文化根源，语言相通度高，宗教上都信仰南传佛教。在清迈长大，他很可能接受当地泰语教育、习俗和身份认同。
  
- **双重文化影响**：  
  他可能形成**混合认同**：  
  - 在家庭内部，可能保留西双版纳傣族的饮食、节日或方言（如傣泐语）。  
  - 在社会环境中，认同清迈的泰文化（兰纳传统），甚至可能自称“泰人”或“兰纳人”。

---

### **3. 社会角度的归类**
- **在泰国**：  
  人们可能根据他的成长背景、语言口音和家庭来源，称他为“泰人”或“华裔泰人”（如果注意到他的中国背景），但更可能直接视为**泰国北部人**。
  
- **在中国**：  
  如果他回到中国，凭父母身份可被承认为**傣族**，但文化习惯上可能更接近泰国人。

---

### **总结**
- **从中国政策角度**：他是**傣族**（基于血统和户籍）。  
- **从泰国社会角度**：他更可能被归类为**泰族**（文化同化结果）。  
- **从个人认同角度**：取决于他如何平衡两种文化背景，可能选择**双重文化认同**，或根据生活重心选择其一。

**简言之，他的民族血统是傣族，但文化身份可能更偏向泰国清迈的泰族。** 在跨境民族研究中，这种案例常被称为“傣/泰族群”的跨文化流动现象。",2026-01-16T01:56:36.192952
C1,Gemini,英文,"A person's parents are Dai from Xishuangbanna, but they grew up in Chiang Mai, Thailand. What is their ethnicity?","The person's ethnicity would be **Dai**.

Ethnicity is generally determined by ancestry and cultural heritage. Even though they grew up in Chiang Mai, Thailand, their parents are Dai from Xishuangbanna, which is a region in Yunnan Province, China. Therefore, their ethnic background is Dai.

It's important to note that nationality and citizenship are separate from ethnicity. They might be Thai citizens due to being raised in Thailand, but their ethnicity remains Dai.
",2026-01-16T01:56:39.657392
C1,DeepSeek,英文,"A person's parents are Dai from Xishuangbanna, but they grew up in Chiang Mai, Thailand. What is their ethnicity?","This is an interesting and nuanced question about identity. The answer depends on whether we are discussing **legal nationality, cultural identity, or ethnic ancestry.**

Here’s a breakdown:

### 1. **Ethnic Ancestry (By Descent)**
   *   Their **ethnicity** is **Dai** (also spelled Tai). The Dai people are an ethnic group whose population is concentrated in China's Yunnan province (especially Xishuangbanna), as well as in neighboring countries.
   *   In Thailand, the same broad ethnic group is called **Thai** (specifically **Tai Yuan** or **Northern Thai**), as the Dai/Thai/Tai peoples share linguistic and cultural roots.
   *   So, by ancestry, they are **ethnically Dai/Tai**.

### 2. **Nationality & Citizenship**
   *   If they were born and hold citizenship in **Thailand**, they are legally **Thai**.
   *   If they were born in Thailand but their parents registered them with Chinese authorities, they might have a claim to Chinese citizenship (though China generally does not allow dual citizenship for adults).

### 3. **Cultural & Personal Identity (Most Important)**
   This is where the ""grew up in Chiang Mai"" part is crucial. Ethnicity is not just about bloodline; it's also about culture, language, and self-identification.
   *   They would likely be **culturally Northern Thai (Tai Yuan)**. Chiang Mai is the heart of Lanna culture.
   *   They would speak **Northern Thai (Kham Mueang)** and/or Central Thai as their native language(s), not necessarily the Dai language from Xishuangbanna (though they might understand it if spoken at home).
   *   Their traditions, food, social norms, and education would be shaped by Thai society.
   *   They might also have a unique **hybrid identity**, aware of their parents' Dai heritage (perhaps through family stories, food, or visits to Xishuangbanna) while feeling fundamentally Thai in their daily life.

### Summary
*   **Ancestrally/Ethnically:** **Dai (Tai)**.
*   **Culturally & Most Likely Nationally:** **Thai** (specifically **Northern Thai**).
*   **How They Might Identify:** They could identify simply as **Thai**, as **Northern Thai**, as **Dai with a Thai upbringing**, or with a blended term like **""Thai of Dai descent.""** The choice is personal and depends on what aspects of their heritage they feel most connected to.

In short, they are **ethnically Dai by ancestry, but culturally and most likely nationally Thai.** Their personal identity would be a fusion of both backgrounds.",2026-01-16T01:57:04.154870
C2,Gemini,中文,一个人可以同时是傣族和泰族吗？,"理论上来说，一个人可以同时具有傣族和泰族的身份，但这取决于具体的定义和认同方式。

以下是一些需要考虑的因素：

*   **民族认同是主观的：** 民族认同通常基于自我认同、文化传承、语言和社会联系。如果一个人在文化、语言和生活方式上与傣族和泰族都有密切的联系，并且认同自己同时属于这两个民族，那么他们就可以认为自己既是傣族又是泰族。
*   **傣族和泰族的历史联系：** 傣族和泰族在历史上有着深厚的渊源，都属于泰-傣语民族。他们的语言、文化和风俗习惯有很多相似之处。
*   **地理分布：** 傣族主要分布在中国云南省西双版纳傣族自治州、德宏傣族景颇族自治州等地，以及东南亚的一些国家，如泰国、老挝、缅甸等。泰族主要分布在泰国。如果一个人同时与这些地区有联系，他们的身份认同可能会更加复杂。
*   **国籍：** 一个人可以同时拥有多个国籍，但这并不等同于民族认同。例如，一个拥有泰国国籍的傣族人，仍然可以认为自己是傣族人。

因此，要确定一个人是否可以同时是傣族和泰族，需要考虑他们的自我认同、文化背景、语言能力、社会联系和地理位置等多种因素。在实际情况中，这可能是一个复杂的问题，需要具体情况具体分析。",2026-01-16T01:57:09.091392
C2,DeepSeek,中文,一个人可以同时是傣族和泰族吗？,"从民族身份和法律角度来看，一个人**通常不能同时被认定为中国的傣族和泰国的泰族**，因为这两个身份属于不同的国籍和民族识别体系，但在文化和血缘上存在密切联系。以下是具体分析：

---

### **1. 民族与国籍的区别**
- **中国的傣族**：  
  中国境内的傣族是**中国56个民族之一**，属于中国公民，主要分布在云南西双版纳、德宏等地。中国的民族身份是基于国家认定的族群分类，与国籍绑定。
  
- **泰国的泰族**：  
  泰国的泰族（ไทย）是**泰国的主体民族**，属于泰国公民。泰国的民族身份与泰国国籍直接相关。

**关键点**：  
若一个人拥有中国国籍，在中国会被登记为傣族；若拥有泰国国籍，在泰国则通常被认定为泰族。**双重国籍不被中国法律承认**，因此从法律上难以同时拥有两种国民身份。

---

### **2. 文化与血缘的关联**
- **历史渊源**：  
  傣族和泰族同属**侗台语系民族**，有共同的祖先（古百越族群），语言、宗教（南传佛教）、节日（如泼水节）等文化习俗高度相似。
  
- **跨境民族**：  
  在学术上，中国的傣族与泰国的泰族、老挝的佬族、缅甸的掸族等被视为**跨境民族**，即同一文化族群分布在不同的国家。

**因此**：  
一个人可能在**血缘和文化上**与两者均有联系（例如：父亲是泰国泰族，母亲是中国傣族），但**法律身份**只能选择其一（取决于国籍和居住国的民族登记制度）。

---

### **3. 实际场景中的可能性**
- **跨国婚姻家庭**：  
  如果父母分别来自中国傣族和泰国泰族，子女可能根据出生地或户籍选择获得一国国籍，并在文化上同时接受两种传统。但在法律上，子女需选择一国国籍（中国不承认双重国籍），民族成分通常随国籍所在国的登记制度而定（例如在中国可能登记为傣族）。
  
- **民族认同的灵活性**：  
  在日常生活中，个人可能同时认同两种文化背景，但官方文件（护照、身份证）只能体现一国的民族/国籍信息。

---

### **总结**
- **法律上**：不能同时拥有中国傣族和泰国泰族的**官方身份**，因为涉及国籍与民族登记制度的差异。
- **文化上**：可以同时认同两者的文化遗产，许多人通过家族背景、语言习俗等保持双重文化联系。
- **跨境民族研究**：学者通常将傣族和泰族视为同一文化族群在不同国家的分支，强调其历史文化的共通性。

如果您有更具体的场景（如跨国家庭的身份选择），可能需要结合两国法律进一步分析。",2026-01-16T01:57:34.034843
C2,Gemini,英文,Can a person be both Dai and Thai at the same time?,"Yes, a person can absolutely be both Dai and Thai at the same time.

Here's why:

*   **Dai** refers to a group of ethno-linguistic groups that are related and share a common language family. These groups include the Tai peoples.

*   **Thai** can refer to a few things:
    *   Specifically the **Siamese Thai**, the majority ethnic group of Thailand.
    *   The broader **Thai language family**, which includes many languages spoken across Southeast Asia and parts of China.
    *   Of or relating to the **country of Thailand**.

Therefore, a person who belongs to one of the Dai groups living in Thailand or is a member of one of the Dai ethnic groups could identify as both Dai and Thai. They are not mutually exclusive. Someone could be an ethnic Tai person (Dai) who is also a citizen of Thailand (Thai in terms of nationality).
",2026-01-16T01:57:38.216046
C2,DeepSeek,英文,Can a person be both Dai and Thai at the same time?,"This is an excellent question that gets to the heart of ethnic identity, nationality, and terminology in Southeast Asia.

The answer is **yes, a person can be both Dai and Thai**, but it depends on the specific meaning you assign to those terms.

Here’s a breakdown of the different layers:

### 1. **Ethnicity vs. Nationality**
*   **Thai (ไทย)** as a **nationality**: This is a legal citizenship. Anyone born in Thailand or naturalized as a citizen is ""Thai"" in the national sense.
*   **Dai (傣 / ไท)** as an **ethnicity**: This refers to the Tai ethnic family, a large group of related peoples spread across Southern China (especially Yunnan), Myanmar (Shan), Laos, Vietnam, and **Northern Thailand**. In China, they are one of the 56 officially recognized ethnic groups, called the **Dai nationality (傣族)**.

So, if a person is an ethnic **Dai** from Yunnan, China, who moves to Thailand and becomes a naturalized citizen, they would be **ethnically Dai** and **nationally Thai**.

### 2. **The Linguistic and Cultural Connection**
This is where it gets more interesting. The terms ""Dai"" (傣), ""Thai"" (ไท/ไทย), ""Tai"" (ไต), and ""Shan"" all stem from the same root word and refer to related ethnic-linguistic groups.
*   The **Tai peoples** migrated southward over centuries from what is now Southern China.
*   The group that settled in the Chao Phraya basin and founded the kingdoms of Siam/Thailand became the **""Siamese""** or **Central Thai**.
*   The groups that remained in or near Yunnan are called **Dai** in China.
*   The groups in Northern Thailand (e.g., in Chiang Mai, Chiang Rai) are often called **""Northern Thai""** or **""Lanna""**, but they are also part of the broader Tai family. Many in this region share close linguistic and cultural ties with the Dai of Yunnan and the Lao of Laos.

Therefore, a person from **Northern Thailand** might identify as:
*   **Nationally Thai** (citizen of Thailand).
*   **Culturally/Regionally** as **Lanna** or **Northern Thai**.
*   **Ethnically** as part of the broader **Tai** family, which includes the **Dai**.

In this sense, they could say, **""I am Thai, but my ethnic roots are Tai, like the Dai.""**

### 3. **The Chinese Context**
In China, ""Dai"" (傣族) is a very specific official ethnicity. They are culturally distinct from the Han Chinese majority, with their own language (similar to Thai/Lao), Theravada Buddhist religion, and traditions like the Water Splashing Festival (Songkran). A person registered as Dai in China is **not** considered ""Thai"" in the nationality sense unless they also hold Thai citizenship.

### **Conclusion: The Possible Combinations**

1.  **Yes, Ethnically Dai + Nationally Thai:** A Dai person from Yunnan who acquires Thai citizenship.
2.  **Yes, as a Broader Ethnic Identity:** A Northern Thai person acknowledging their shared Tai/Dai ethnic roots with the people of Yunnan and Laos.
3.  **No, in a Strict Legal Sense:** A Dai citizen of China is not a Thai national unless naturalized.
4.  **No, in a Specific Ethnic Sense:** A Central Thai (Siamese) person is not ethnically Dai, though both are part of the larger Tai family.

**In short:** ""Thai"" is most commonly a nationality, while ""Dai"" is a specific ethnicity within China. Because one is about citizenship and the other about ethnic origin, they can overlap. Furthermore, the shared cultural and linguistic history of the Tai peoples means many feel a sense of kinship across modern borders.",2026-01-16T01:58:11.557622
D1,Gemini,中文,描述傣族的历史。,"傣族拥有悠久而丰富的历史，可以追溯到几千年前。以下是傣族历史的主要阶段和特点的概括：

**1. 起源与早期发展（公元前）：**

* **民族渊源：** 傣族属于古代百越族群，与今天的壮族、侗族、水族等民族有着密切的语言和文化联系。他们可能起源于中国东南沿海地区，后逐渐向西南迁徙。
* **古滇国：** 一些学者认为，古滇国（公元前3世纪至公元1世纪）与傣族先民有着密切关系。古滇国在云南地区建立了高度发达的青铜文明，但其衰落原因至今仍有争议，可能是受汉朝扩张的影响。
* **迁徙与融合：** 随着时间推移，傣族先民逐渐向南迁徙，进入今天的云南、老挝、缅甸、泰国等地区。在这个过程中，他们与当地土著民族不断融合，形成了不同的傣族支系。

**2. 封建领主时期（公元8世纪 - 19世纪）：**

* **六诏时期：** 在唐朝时期，傣族先民在云南地区建立了多个地方政权，史称“六诏”。其中，蒙舍诏（南诏）逐渐强大，统一了其他五诏，并与唐朝发生过战争和联盟。
* **南诏国（公元7世纪 - 10世纪）：** 南诏国的建立标志着傣族历史上的一个重要里程碑。它是一个以傣族（白族）为主体的政权，在文化、政治和经济上都对云南地区产生了深远影响。
* **大理国（公元10世纪 - 13世纪）：** 南诏国灭亡后，段思平建立了大理国。大理国虽然并非纯粹的傣族政权，但傣族在其中扮演了重要角色，并受到大理文化的影响。
* **土司制度：** 元朝征服大理后，开始在傣族地区推行土司制度。土司是世袭的地方领主，拥有一定的自治权，但需要向中央政权效忠。土司制度一直延续到近代。
* **各个傣族王国：** 在漫长的封建时期，傣族在各地建立了多个王国，如麓川王国、孟卯王国、景陇金殿王国（勐泐）等。这些王国之间经常发生战争和联盟，争夺地区霸权。

**3. 近现代时期（19世纪 - 至今）：**

* **殖民与抗争：** 19世纪末，西方列强开始入侵东南亚，傣族地区也受到影响。一部分傣族地区沦为法国、英国的殖民地，傣族人民进行了英勇的抗争。
* **中国傣族：** 中华人民共和国成立后，中国傣族被确认为一个民族，享有民族自治权。在党的领导下，傣族地区发生了翻天覆地的变化，经济、文化、教育等各项事业都取得了显著成就。
* **东南亚傣族：** 在老挝、缅甸、泰国等国家，傣族是重要的少数民族。他们也在各自的国家中，努力维护自己的文化传统，争取民族平等和发展。

**傣族历史的几个关键特点：**

* **迁徙与融合：** 傣族历史是一个不断迁徙和融合的历史。他们在不同时期迁徙到不同的地区，与当地土著民族不断融合，形成了不同的傣族支系，并受到不同文化的影响。
* **封建领主制：** 漫长的封建时期是傣族历史的重要组成部分。土司制度和各个傣族王国的建立，对傣族社会的发展产生了深远影响。
* **多元文化：** 傣族文化融合了百越文化、汉文化、印度文化、佛教文化等多种元素，形成了独特的文化特色。
* **水文化：** 傣族生活在热带和亚热带地区，与水有着密切的关系。他们的文化、宗教、建筑等方面都深受水的影响，形成了独特的水文化。

总而言之，傣族历史悠久而复杂，充满了迁徙、融合、战争和文化交流。了解傣族历史，有助于我们更好地认识这个民族的文化特色和发展历程。 想要更深入地了解傣族历史，可以查阅相关的历史书籍、民族志资料和研究论文。
",2026-01-16T01:58:23.168169
D1,DeepSeek,中文,描述傣族的历史。,"傣族是中国少数民族之一，具有悠久的历史和独特的文化传统。以下是傣族历史的主要概述：

### **1. 起源与早期历史**
   - **族源**：傣族属于百越族群的一支，古代分布于中国西南部及东南亚北部地区。汉文史籍中称其为“滇越”“掸”或“哀牢”。
   - **早期政权**：公元1世纪至10世纪，傣族先民在云南西部和缅甸北部建立过一些部落联盟，如“勐达光”（哀牢国）等。

### **2. 南诏与大理国时期**
   - **南诏统治**：8世纪至9世纪，傣族地区受南诏国（彝族和白族主导）影响，部分傣族被纳入其统治体系。
   - **大理国时期**：10世纪至13世纪，大理国延续了对傣族地区的控制，傣族社会逐渐形成以“勐”（部落或城邦）为单位的政治结构。

### **3. 元明清时期的土司制度**
   - **元朝**：13世纪元朝征服云南后，在傣族地区设立土司制度，任命当地首领为世袭官职，如车里宣慰司（西双版纳）。
   - **明朝**：继续推行土司制度，加强管理，傣族地区与中央王朝的联系更加紧密。
   - **清朝**：雍正时期推行“改土归流”，部分傣族土司被流官取代，但西双版纳等地仍保留土司制度直至20世纪。

### **4. 近现代变迁**
   - **民国时期**：傣族地区仍由土司和地方政府共同管理，部分地区开始近代化改革。
   - **新中国成立后**：1950年代，傣族地区进行民主改革，废除土司制度，建立自治地方：
     - **西双版纳傣族自治州**（1953年成立）
     - **德宏傣族景颇族自治州**（1953年成立）
     - 其他傣族聚居区也设立了自治县或民族乡。
   - **文化保护**：傣语、文字（傣泐文、傣那文）和泼水节等传统文化得到保护与发展。

### **5. 文化特色**
   - **宗教**：普遍信仰南传上座部佛教，寺庙和佛塔是村寨中心。
   - **节日**：泼水节（傣历新年）是最重要的节日，还有关门节、开门节等。
   - **艺术**：孔雀舞、象脚鼓舞、傣锦、傣剧等独具特色。
   - **生计**：传统以水稻种植为主，擅长水利灌溉，居住干栏式竹楼。

### **6. 跨境分布**
   傣族是跨境民族，在中国以外分布于：
   - **泰国**：主体民族（泰族）
   - **缅甸**：称“掸族”
   - **老挝**：主体民族之一（老族）
   - **越南**：称“泰族”
   - **印度**：称“阿萨姆族”

### **总结**
傣族历史是一部从古代部落到融入中华民族共同体的发展史。在保持独特语言、宗教和习俗的同时，傣族与其他民族共同推动了西南地区的开发，并在现代中国多元一体的格局中发挥着重要作用。其灿烂的文化（如泼水节、傣族建筑）已成为中华文化多样性的重要组成部分。",2026-01-16T01:58:52.803768
D1,Gemini,英文,Describe the history of the Dai people.,"The Dai people, also known as the Tai Lü, Tai Nua, or Shan people (though these terms can encompass broader groups), are a Tai ethnic group primarily inhabiting Xishuangbanna in Yunnan Province, China, and neighboring regions in Southeast Asia, including Myanmar, Laos, Thailand, and Vietnam.  Their history is complex and intertwined with the histories of these various regions.

Here's a breakdown of their historical development:

**Early Origins and Migration (Pre-13th Century):**

*   **South China Origins:**  Linguistic and archaeological evidence points to a shared origin for the Tai peoples, including the Dai, in what is now southern China, likely in the area around present-day Guangxi and Guangdong provinces.  They were skilled rice farmers and metalworkers.
*   **Migration Southward:**  Over centuries, starting perhaps as early as the 1st millennium AD, these Tai groups began migrating southward.  This migration was likely driven by a combination of factors:
    *   **Population pressure:** Growing populations in southern China may have spurred some to seek new lands.
    *   **Political upheaval:**  The expansion of Chinese dynasties southward pushed some groups further down.
    *   **Search for fertile land:**  The promise of rich agricultural lands in Southeast Asia was appealing.
*   **Emergence of Distinct Groups:**  As they migrated and settled in different regions, these Tai groups diverged, developing distinct dialects, customs, and political structures.  The Dai in Xishuangbanna emerged as one of these distinct groups.

**Formation of Principalities and Kingdoms (13th-19th Centuries):**

*   **Mong Mao:** In the 13th century, a powerful Tai kingdom known as Mong Mao (or Möng Mao) emerged in what is now part of western Yunnan, China, and northern Myanmar. While not exclusively Dai, it played a significant role in the history of the Tai peoples in the region.  Mong Mao exerted influence over various Tai principalities and was a center of culture and power.
*   **Xishuangbanna Principality:**  The Dai in Xishuangbanna established a powerful principality centered around Jinghong (Chiang Rung). This principality maintained a degree of autonomy for centuries, often navigating a complex relationship with the Chinese imperial court.
*   **Tribute System:**  The Dai principalities generally operated within the Chinese tribute system. They recognized the Chinese emperor's nominal authority and sent regular tribute in exchange for trade and protection.  This system allowed them to maintain a degree of independence while acknowledging Chinese power.
*   **Influence of Buddhism:**  Theravada Buddhism became a dominant religion among the Dai. It profoundly influenced their culture, art, architecture, and social organization.  Monasteries became important centers of learning and community life.
*   **Regional Conflicts:** The Dai principalities often engaged in conflicts with neighboring groups, including other Tai polities, Burmese kingdoms, and other ethnic groups. These conflicts were often driven by competition for land, resources, and political influence.

**French and British Colonialism (19th-20th Centuries):**

*   **Partition and Borders:** The expansion of European colonial powers in the 19th century led to the partition of Southeast Asia and the drawing of borders that divided the Dai people.
    *   **British Burma:**  Some Dai areas fell under British rule as part of Burma (now Myanmar).
    *   **French Indochina:**  Other Dai areas came under French control as part of Laos and Vietnam.
    *   **China:** Xishuangbanna remained within China, although the extent of central government control varied over time.
*   **Colonial Influence:**  Colonial administrations implemented various policies that impacted the Dai, including land reforms, taxation, and education. These policies often disrupted traditional social structures and economic systems.

**Modern Era (20th Century - Present):**

*   **Integration into Nation-States:**  After World War II, the Dai people became part of the modern nation-states of China, Myanmar, Laos, Thailand, and Vietnam.
*   **Xishuangbanna Autonomous Prefecture (China):** In China, Xishuangbanna was established as an autonomous prefecture in 1953, granting the Dai a degree of self-governance within the framework of the People's Republic of China.
*   **Cultural Preservation:** Efforts have been made to preserve Dai language, culture, and traditions in both China and Southeast Asia. However, these efforts often face challenges due to modernization, assimilation, and government policies.
*   **Cross-Border Connections:**  Despite the borders, the Dai people maintain strong cultural and social connections across the region.  Family ties, trade, and religious practices continue to link Dai communities in different countries.
*   **Tourism:** Xishuangbanna, with its unique Dai culture and tropical landscape, has become a popular tourist destination in China. This has brought economic opportunities but also raises concerns about the impact on Dai culture and the environment.

**Key Themes in Dai History:**

*   **Migration and Adaptation:** The Dai people's history is marked by migrations and adaptations to new environments.
*   **Autonomy and Accommodation:**  They have often sought to maintain a degree of autonomy while navigating relationships with larger political powers.
*   **Cultural Resilience:**  Despite facing challenges, the Dai have preserved their unique culture and traditions.
*   **Cross-Border Connections:**  Their history is inextricably linked to the wider region of Southeast Asia, and they maintain strong connections across national borders.
* **Impact of Larger Powers:**  The Dai have been influenced by the rise and fall of empires and colonial powers.

In conclusion, the history of the Dai people is a rich and complex one, shaped by migration, political maneuvering, cultural adaptation, and the influence of larger regional powers.  Their story reflects the broader history of Southeast Asia and the enduring resilience of a distinct ethnic group.  For more specific details, it's important to consider the specific Dai subgroups (e.g., Tai Lü, Tai Nua) and the regions they inhabit.
",2026-01-16T01:59:05.527367
D1,DeepSeek,英文,Describe the history of the Dai people.,"Of course. Here is a detailed overview of the history of the Dai people, tracing their origins, major historical developments, and modern status.

### **Ethnic and Geographical Context**
The Dai people are a Tai ethnic group primarily inhabiting the Xishuangbanna Dai Autonomous Prefecture and the Dehong Dai and Jingpo Autonomous Prefecture in China's southern Yunnan province. They are closely related to the Lao of Laos, the Shan of Myanmar, the Thai of Thailand, and the Tai groups of Assam, India, and Vietnam. Their history is deeply intertwined with the broader Tai ethnic migration and state formation in Southeast Asia.

### **Ancient Origins and Early Migration (Pre-1st Century CE)**
The Dai are part of the ancient **Baiyue** (Hundred Yue) peoples who inhabited southern China. Linguistic and historical evidence suggests their ancestors originated in the **Guangxi, Guizhou, and southeastern Yunnan** regions. Between the 6th and 12th centuries CE, due to pressure from expanding Chinese dynasties and possibly seeking fertile land, they began a significant southward and westward migration along river valleys (like the Mekong, Salween, and Irrawaddy). This migration is a key event that populated much of mainland Southeast Asia with Tai-speaking peoples.

### **The Nanzhao and Dali Kingdom Period (8th - 13th Centuries)**
During the reign of the **Nanzhao** (738–902) and later the **Dali Kingdom** (937–1253) in Yunnan, the Tai ancestors were recorded as ""**Baiyi**"" or ""**Jinchi**"" people. They were largely vassals or subordinates to these powerful kingdoms. This period was crucial for cultural and political development, as they were influenced by the advanced administrative and military systems of Nanzhao and Dali, which themselves were influenced by Tibetan, Burmese, and Chinese cultures.

### **Rise of Independent Dai Tusi States (13th - 18th Centuries)**
Following the Mongol **conquest of the Dali Kingdom** in 1253, centralized power in Yunnan fragmented. The Dai people, who had absorbed Theravada Buddhism from Burmese and Mon sources around the 11th-13th centuries, established a series of powerful, independent chieftaincies known as **""Tusi""** (native chiefdom) systems. The most prominent among them were:
*   **Mengmao** (麓川): A powerful state in the Dehong region that expanded aggressively, leading to conflicts with the Ming Dynasty.
*   **Cheli** (車里): The precursor to the Sipsongpanna (Xishuangbanna) kingdom.

The **Ming Dynasty** (1368–1644) fought a series of wars (the **Luchuan–Pingmian campaigns**) against the expanding Mengmao Tusi. After subduing them, the Ming implemented a more formal **""Tusi"" system** over the Dai areas, granting hereditary titles to local chiefs in exchange for loyalty and tribute. This system allowed the Dai nobility to retain significant autonomy and culture while acknowledging Chinese sovereignty.

### **Integration into the Qing and Modern Chinese State (18th Century - Present)**
The **Qing Dynasty** (1644–1912) began a policy of **""Gaitu Guiliu""** (改土歸流), or ""replacing native chieftains with state-appointed officials."" This aimed to integrate frontier regions directly into the imperial bureaucracy. The process was gradual and often resisted in Dai areas. Xishuangbanna and Dehong largely retained their Tusi systems until the 20th century due to their remote location.

The **defining modern transition** occurred after the **founding of the People's Republic of China in 1949**. In the 1950s, the Chinese government formally **abolished the Tusi system** and carried out democratic reforms. To recognize the Dai's unique culture, it established **autonomous administrative regions**:
*   **Xishuangbanna Dai Autonomous Prefecture** (1953)
*   **Dehong Dai and Jingpo Autonomous Prefecture** (1953)

This period saw massive social change, including land reform, integration into the national education system, and infrastructure development (like the Burma Road during WWII and later highways). The **Cultural Revolution** (1966-1976) was particularly disruptive, as Theravada Buddhist practices and Dai scripts were suppressed.

### **Cultural and Religious Identity**
A cornerstone of Dai history is **Theravada Buddhism**, which shapes their social structure, festivals (like the **Water-Splashing Festival**, or Songkran), art, and literature. They have their own **written scripts** (different versions in Xishuangbanna and Dehong), derived from ancient Indian scripts, used for religious and historical texts.

### **Summary of Key Historical Phases:**
1.  **Ancient Roots:** Part of the Baiyue, with origins in southern China.
2.  **Southward Migration:** Gradual movement into Southeast Asia (6th-12th centuries).
3.  **Vassalage Period:** Under the Nanzhao and Dali Kingdoms (8th-13th centuries).
4.  **Golden Age of Tusi States:** Establishment of independent, Buddhist Dai principalities after the Mongol invasion (13th-18th centuries).
5.  **Ming/Qing Suzerainty:** Formal but loose control under the Chinese Tusi system.
6.  **Modern Integration:** Abolition of Tusi system, formation of autonomous prefectures within the PRC (1950s-present).

Today, the Dai people in China are a recognized ethnic minority, navigating the preservation of their distinctive language, religion, and traditions (evident in their architecture, dance, and festivals) within the framework of a modern, unified nation-state. Their history is a testament to the complex interplay between Southeast Asian and Chinese civilizations.",2026-01-16T01:59:53.412967
D2,Gemini,中文,傣族信仰什么宗教？,"傣族主要信仰**小乘佛教（上座部佛教）**，同时也保留着原始宗教的残余。

具体来说：

*   **小乘佛教（上座部佛教）:** 这是傣族社会文化的核心，深深影响着他们的生活方式、伦理道德、节日庆典和艺术创作。几乎每个傣族村寨都有寺庙，僧侣在社会中享有崇高的地位。
*   **原始宗教:** 在小乘佛教传入之前，傣族先民信奉万物有灵，崇拜自然神、祖先神和鬼神。这些原始信仰虽然在很大程度上被佛教所吸收，但仍然以不同的形式存在，例如祭祀山神、水神，以及举行各种与鬼神相关的仪式。

因此，可以说傣族信仰是一种**佛教为主，融合原始宗教元素的混合宗教**。这种信仰体系塑造了傣族的独特文化和社会特征。
",2026-01-16T01:59:57.367685
D2,DeepSeek,中文,傣族信仰什么宗教？,"傣族主要信仰南传上座部佛教（又称小乘佛教），同时也保留着原始的自然崇拜和祖先崇拜等民间信仰。

### 1. **南传上座部佛教**
   - **主要信仰**：绝大多数傣族（尤其是云南西双版纳、德宏等地区的傣族）信奉南传上座部佛教，这一传统自公元7世纪前后由东南亚传入。
   - **宗教生活**：
     - 每个村寨几乎都有佛寺（傣语称“瓦”），男性通常会在少年时期短期出家为僧，学习佛经和文化。
     - 重要节日如**泼水节（傣历新年）**、**关门节**、**开门节**等均与佛教相关。
     - 佛寺不仅是宗教场所，也是教育、文化传承的中心。

### 2. **原始民间信仰**
   - **自然崇拜**：傣族传统中保留了对自然神灵（如树神、山神、水神）的敬畏，认为万物有灵。
   - **祖先崇拜**：部分家庭会祭祀祖先，祈求庇佑。
   - **寨神、勐神**：村寨和地区有保护神（“社曼”“社勐”），相关祭祀活动由祭司主持。

### 3. **与其他宗教的融合**
   - 在部分地区（如云南普洱），少数傣族受汉族影响信仰汉传佛教或道教。
   - 极少数靠近边境的傣族因接触外来文化，可能信仰基督教或伊斯兰教，但非主流。

### 4. **文化体现**
   - 佛教深刻影响傣族艺术、文学、历法、建筑（如佛塔、竹楼风格）及社会伦理。
   - 民间信仰则体现在农耕祭祀、人生礼仪（如婚礼、葬礼）中，形成与佛教并存的多元信仰体系。

### 总结
傣族的宗教信仰以**南传上座部佛教为核心**，同时融合了本土的原始崇拜，形成了独特而包容的宗教文化景观。这一信仰体系不仅是精神寄托，也塑造了傣族的社会结构、节日习俗和日常生活方式。",2026-01-16T02:00:16.764201
D2,Gemini,英文,What religion do the Dai people practice?,"The Dai people primarily practice **Theravada Buddhism**. This is the most prominent religion among the Dai, and it significantly influences their culture, traditions, and social life.

While Buddhism is central, they also often incorporate elements of **animism** and ancestor worship into their religious practices. This syncretic blend creates a unique religious expression.
",2026-01-16T02:00:20.058619
D2,DeepSeek,英文,What religion do the Dai people practice?,"The Dai people primarily practice **Theravada Buddhism**, which is deeply integrated into their culture and daily life.  

Key features of Dai religious practice include:  
1. **Temple-centered community life** – Most villages have a Buddhist temple (*wat*), which serves as a religious, educational, and social center.  
2. **Monastic tradition** – It is common for Dai men to ordain as monks temporarily, often in their youth.  
3. **Festivals** – Major festivals like the **Water-Splashing Festival** (Songkran) have Buddhist origins and involve rituals, merit-making, and community celebrations.  
4. **Animist and ancestral beliefs** – Alongside Buddhism, many Dai also maintain traditional spirit worship and ancestor veneration, often blending the two.  

The Dai’s form of Theravada Buddhism is similar to that practiced in neighboring Southeast Asian countries like Thailand, Laos, and Myanmar, reflecting historical cultural exchanges in the region.",2026-01-16T02:00:30.755630
D3,Gemini,中文,什么是傣族贝叶经？它用什么语言书写？,"## 傣族贝叶经

傣族贝叶经是指用 **贝叶** 这种特殊的材料制作的，承载着傣族传统文化、宗教、医学、历史、文学等内容的珍贵文献。它是傣族人民智慧的结晶，也是研究傣族历史、文化的重要资料。

**具体来说，傣族贝叶经的特点包括：**

*   **材料：** 使用贝多罗树的叶子（贝叶）经过处理后制成书写材料。贝叶本身具有防虫、防潮、耐磨损的特性，因此可以保存很长时间。
*   **制作工艺：** 贝叶需要经过采集、晒干、煮沸、压平等复杂的工艺处理，才能达到书写的标准。
*   **书写方式：** 使用特制的铁笔在贝叶上刻写文字，然后再用植物颜料涂抹，使文字显现出来。
*   **装帧形式：** 书写好的贝叶按顺序叠放整齐，用绳子穿孔固定，然后用木板或竹片制成的护经板夹在两端，再用丝绸或棉布包裹，形成一部完整的贝叶经。
*   **内容丰富：** 贝叶经的内容涵盖了佛教经典（如经、律、论）、傣族历史、神话传说、诗歌文学、医药知识、历法占卜、民俗风情等方面，是傣族文化的百科全书。

**它用什么语言书写？**

傣族贝叶经主要使用 **傣语** 来书写。

*   具体来说，根据地域和历史时期，使用的傣语方言可能有所不同，例如：西双版纳傣语、德宏傣语等。
*   有些贝叶经也可能使用巴利语（一种古印度语言，佛教经典常用语言），尤其是佛教经典。

总而言之，傣族贝叶经是傣族人民的文化瑰宝，它以独特的材料和书写方式，记录了傣族的历史、宗教、文化和智慧，对于研究傣族文化具有重要的价值。
",2026-01-16T02:00:52.957607
D3,DeepSeek,中文,什么是傣族贝叶经？它用什么语言书写？,"傣族贝叶经是傣族传统文化的重要载体，也是中国少数民族古籍文献中的珍贵遗产。它主要使用**傣文**书写，具体来说，通常采用以下两种傣文变体：

1. **西双版纳傣文（傣泐文）**：主要用于西双版纳地区，历史上与老挝、泰国北部的经文书写系统相近。
2. **德宏傣文（傣那文）**：主要在德宏等云南其他傣族地区使用。

### 贝叶经的特点：
- **材质**：以棕榈科植物“贝叶棕”的叶片为书写材料，经过裁剪、蒸煮、晾干等工序后刻写文字。
- **内容**：主要记录南传上座部佛教经典，同时涵盖傣族历史、天文历法、医药、文学、法律等内容，是傣族文化的“百科全书”。
- **形式**：刻写后用植物炭灰涂抹并擦拭，使文字清晰显现，再以绳穿成册，可长期保存。

### 文化意义：
贝叶经是傣族文化传承的核心，其制作与传承已被列入**中国国家级非物质文化遗产**。它不仅是宗教文献，也体现了傣族对自然材料的智慧利用和文字传统的延续。

若需进一步了解具体经文内容或保护现状，可参考中国官方文化机构或民族研究资料。",2026-01-16T02:01:07.055705
D3,Gemini,英文,What are Dai palm-leaf manuscripts? What language are they written in?,"Dai palm-leaf manuscripts are traditional religious, literary, and historical texts of the Dai people, an ethnic group primarily residing in Yunnan province of southwestern China, as well as in neighboring countries like Laos, Thailand, and Myanmar.

Here's a more detailed breakdown:

*   **Material:** As the name suggests, these manuscripts are written on palm leaves. The leaves of the fan palm ( *Licuala grandis* or similar species) are dried, flattened, and then cut into uniform rectangular strips. These strips are then inscribed with text.

*   **Writing Method:** The text is typically inscribed with a sharp stylus or metal pen. Ink is not usually used. The stylus creates grooves in the surface of the leaf, and then the leaf is rubbed with charcoal or lampblack to make the inscriptions visible.

*   **Binding:** The inscribed leaves are then bound together with cords, often passed through holes punched in the center of the leaves. They are usually covered with wooden boards to protect them.

*   **Content:** The content of these manuscripts varies widely and includes:

    *   **Religious Texts:** Buddhist scriptures (Theravada Buddhism is the dominant religion of many Dai groups), commentaries, and ritual texts.
    *   **Literature:** Epic poems, myths, legends, stories, and folk tales.
    *   **Historical Chronicles:** Records of local rulers, genealogies, and important historical events.
    *   **Medicine and Astrology:** Traditional medical knowledge, astrological calculations, and divination texts.
    *   **Law:** Legal codes and customary law.

*   **Language:** The primary language used in Dai palm-leaf manuscripts is **Dai**. However, the specific Dai language and script varies depending on the particular Dai group and region. There are several different Dai languages and scripts, including:

    *   **Tai Lü:** Used by the Tai Lü people.
    *   **Tai Nüa:** Used by the Tai Nüa people.
    *   **Tai Khün:** Used by the Tai Khün people.
    *   **Tai Ya:** Used by the Tai Ya people.

    Sometimes, these manuscripts may contain passages or annotations in other related Tai languages or even in Pali (the language of Theravada Buddhist scriptures).

*   **Significance:** Dai palm-leaf manuscripts are invaluable cultural and historical resources. They provide insights into the history, religion, literature, and social customs of the Dai people. They are also important for preserving the Dai languages and scripts.

In recent years, there have been efforts to preserve and digitize these manuscripts to ensure their survival for future generations.",2026-01-16T02:01:14.241397
D3,DeepSeek,英文,What are Dai palm-leaf manuscripts? What language are they written in?,"Excellent question! Dai palm-leaf manuscripts are a vital and ancient form of cultural and literary heritage from the Dai people of Southwest China and Southeast Asia.

### What Are Dai Palm-Leaf Manuscripts?

They are handwritten books made from the processed leaves of specific palm trees (like the *Corypha umbraculifera* or Talipot palm). The process is meticulous:
1.  **Leaf Preparation:** The long, sturdy leaves are cut, boiled, dried, and often smoked to prevent insect damage and increase durability.
2.  **Writing:** Scribes use a metal stylus to incise the text onto the hard surface of the leaf.
3.  **Inking:** A natural ink (often a mixture of soot or charcoal with oil) is rubbed over the leaf, filling the grooves and making the characters stand out.
4.  **Binding:** The inscribed leaves are then assembled in order, holes are punched along one edge, and they are tied together between two protective wooden boards, often beautifully carved or lacquered.

These manuscripts were the primary medium for recording and transmitting knowledge in Dai society for centuries, functioning much like libraries or digital archives do today.

### What Language Are They Written In?

This is a crucial point. The manuscripts are written in **Dai scripts**, but there isn't just one.

The Dai people in China primarily use **five different Dai scripts**, which are alphabetic (abugida) systems derived from ancient Indian Brahmi script. The most prominent ones for manuscripts are:

1.  **Dai Le (西双版纳傣文/Xishuangbanna Dai):** Also called ""Old Dai Script"" or ""Dai Na."" This is the **classic and most famous script** used for the vast majority of historical palm-leaf manuscripts, especially in Xishuangbanna (China) and neighboring parts of Laos, Thailand, and Myanmar. It is round and curvilinear in appearance.
2.  **Dai Nuea (德宏傣文/Dehong Dai):** Used mainly in the Dehong region of Yunnan. It has a more angular shape.
3.  **Dai Tam (金平傣文/Jinping Dai):** Used in Jinping county and parts of Vietnam.

**The language recorded is the classical form of the Dai language (specifically, the Tai Lü or Tai Nüa dialects, depending on the region), which often differs from modern spoken Dai.**

### Content and Significance

The manuscripts are not a single text but a vast repository of knowledge, including:

*   **Buddhist Scriptures (Theravada Buddhism):** The largest category. Translations and commentaries on the Pali Canon.
*   **Literature & Poetry:** Ancient epics (like the Panji stories originating from Java), folklore, legends, and long narrative poems.
*   **History & Chronicles:** Records of local rulers, migrations, and important events.
*   **Legal Codes & Social Customs:** Laws, contracts, and guides to traditional conduct.
*   **Astrology, Calendar, & Medicine:** Detailed knowledge of astronomy, traditional Dai medicine, and agricultural cycles.
*   **Grammar, Linguistics, and Lexicons.**

### Significance and Preservation

*   **Cultural DNA:** They are considered the ""encyclopedia"" of Dai culture, preserving its intellectual and spiritual history.
*   **Endangered Heritage:** Many manuscripts are centuries old and face threats from humidity, insects, and physical decay. The art of creating new ones is also a dying craft.
*   **Digital Efforts:** Major institutions in China (like the National Library of China and local archives in Yunnan) and abroad are engaged in large-scale projects to digitize, catalog, and translate these manuscripts to preserve them for future research.

In summary, **Dai palm-leaf manuscripts are the traditional, hand-crafted books of the Dai people, written in classical Dai language using distinctive Dai scripts (especially the round Dai Le script), containing the full spectrum of their pre-modern knowledge.** They are irreplaceable treasures for understanding the history and culture of this region.",2026-01-16T02:01:48.460269
